{
  "project_info": {
    "project_number": "762237495513",
    "firebase_url": "https://quinielagalactica.firebaseio.com",
    "project_id": "quinielagalactica",
    "storage_bucket": "quinielagalactica.appspot.com"
  },
  "client": [
    {
      "client_info": {
        "mobilesdk_app_id": "1:762237495513:android:0e9d83e61f5f746a",
        "android_client_info": {
          "package_name": "com.quinielagalactica.echo"
        }
      },
      "oauth_client": [
        {
          "client_id": "762237495513-hqdkpetrm67c0jnqju9vk3f03k1pe4ol.apps.googleusercontent.com",
          "client_type": 3
        },
        {
          "client_id": "762237495513-hqdkpetrm67c0jnqju9vk3f03k1pe4ol.apps.googleusercontent.com",
          "client_type": 3
        }
      ],
      "api_key": [
        {
          "current_key": "AIzaSyDbjBnx_8me2KFyn37sdCirga6mw9btOgk"
        }
      ],
      "services": {
        "analytics_service": {
          "status": 1
        },
        "appinvite_service": {
          "status": 1,
          "other_platform_oauth_client": []
        },
        "ads_service": {
          "status": 2
        }
      }
    }
  ],
  "configuration_version": "1"
}